"","Date","elevationMean","waterTemp","dissolvedOxygen","specificConduct","lat","long","SiteName","aquaticSiteType","Campostoma anomalum_adult","Campostoma anomalum_juvenile","Lepomis cyanellus_juvenile","Lepomis macrochirus_juvenile","Lepomis megalotis_adult","Lepomis megalotis_juvenile","Gambusia affinis_adult","Gambusia affinis_juvenile","Ameiurus natalis_adult","Ameiurus natalis_juvenile","Fundulus notatus_adult","Fundulus notatus_juvenile","Lepomis cyanellus_adult","Lepomis macrochirus_adult","Micropterus punctulatus_juvenile","Notropis stramineus_adult","Semotilus atromaculatus_adult","Semotilus atromaculatus_juvenile","Chrosomus erythrogaster_adult","Chrosomus erythrogaster_juvenile","Etheostoma nigrum_adult","Etheostoma nigrum_juvenile","Etheostoma spectabile_adult","Etheostoma spectabile_juvenile","Rhinichthys atratulus_adult","Rhinichthys atratulus_juvenile","Cottus carolinae_adult","Cottus carolinae_juvenile","Etheostoma pseudovulatum_juvenile","Ameiurus nebulosus_adult","Notemigonus crysoleucas_juvenile","Noturus gyrinus_adult","Oncorhynchus mykiss_adult","Salmo salar_juvenile","Salmo trutta_adult","Salmo trutta_juvenile","Salvelinus fontinalis_adult","Salvelinus fontinalis_juvenile","Esox americanus_adult","Esox americanus_juvenile","Etheostoma lachneri_adult","Etheostoma lachneri_juvenile","Etheostoma stigmaeum_adult","Etheostoma stigmaeum_juvenile","Etheostoma swaini_adult","Etheostoma swaini_juvenile","Fundulus olivaceus_adult","Fundulus olivaceus_juvenile","Hypentelium etowanum_adult","Ichthyomyzon gagei_adult","Ichthyomyzon gagei_juvenile","Lampetra aepyptera_adult","Lampetra aepyptera_juvenile","Luxilus chrysocephalus_adult","Lythrurus bellus_adult","Moxostoma carinatum_adult","Moxostoma poecilurum_adult","Nocomis leptocephalus_adult","Nocomis leptocephalus_juvenile","Notropis ammophilus_adult","Notropis ammophilus_juvenile","Notropis baileyi_adult","Notropis baileyi_juvenile","Notropis stilbius_adult","Notropis texanus_adult","Notropis xaenocephalus_adult","Noturus funebris_adult","Noturus funebris_juvenile","Noturus leptacanthus_adult","Noturus leptacanthus_juvenile","Percina nigrofasciata_adult","Percina nigrofasciata_juvenile","Semotilus thoreauianus_adult","Semotilus thoreauianus_juvenile","Cyprinella lutrensis_adult","Luxilus cornutus_adult","Luxilus cornutus_juvenile","Micropterus salmoides_adult","Micropterus salmoides_juvenile","Notropis atherinoides_adult","Notropis stramineus_juvenile","Noturus exilis_adult","Noturus exilis_juvenile","Phenacobius mirabilis_adult","Phenacobius mirabilis_juvenile","Pimephales notatus_adult","Pimephales notatus_juvenile","Pimephales vigilax_juvenile","Ameiurus melas_adult","Ameiurus melas_juvenile","Cyprinus carpio_adult","Micropterus dolomieu_juvenile","Notropis volucellus_adult"
"1","2017-05-01",191.560277777778,10.9547222222222,10.0491666666667,105.189444444444,42.471345,-72.325331425,"Hopb","stream",0,0,0,0,0,0,0,0,0,0,0,0,0,0,0,0,0,0,0,0,0,0,0,0,6,5,0,0,0,0,0,1,0,0,0,4,1,10,0,0,0,0,0,0,0,0,0,0,0,0,0,0,0,0,0,0,0,0,0,0,0,0,0,0,0,0,0,0,0,0,0,0,0,0,0,0,0,0,0,0,0,0,0,0,0,0,0,0,0,0,0,0,0
"2","2017-05-02",202.1,10.5,10.1,109.8,42.471863,-72.328095,"Hopb","stream",0,0,0,0,0,0,0,0,0,0,0,0,0,0,0,0,2,3,0,0,0,0,0,0,4,9,0,0,0,0,0,0,0,0,0,1,0,3,0,0,0,0,0,0,0,0,0,0,0,0,0,0,0,0,0,0,0,0,0,0,0,0,0,0,0,0,0,0,0,0,0,0,0,0,0,0,0,0,0,0,0,0,0,0,0,0,0,0,0,0,0,0,0
"3","2017-05-03",216.216167716503,12.9409522421738,8.70381188304542,103.422871298273,42.4720980294999,-72.330892897614,"Hopb","stream",0,0,0,0,0,0,0,0,0,0,0,0,0,0,0,0,11,51,0,0,0,0,0,0,29,47,0,0,0,1,1,0,0,0,0,2,0,8,0,0,0,0,0,0,0,0,0,0,0,0,0,0,0,0,0,0,0,0,0,0,0,0,0,0,0,0,0,0,0,0,0,0,0,0,0,0,0,0,0,0,0,0,0,0,0,0,0,0,0,0,0,0,0
"4","2017-05-04",211.8,13.1,9.5,97.6,42.473425,-72.331693,"Hopb","stream",0,0,0,0,0,0,0,0,0,0,0,0,0,0,0,0,4,46,0,0,0,0,0,0,20,31,0,0,0,0,0,0,0,0,0,1,0,4,0,0,0,0,0,0,0,0,0,0,0,0,0,0,0,0,0,0,0,0,0,0,0,0,0,0,0,0,0,0,0,0,0,0,0,0,0,0,0,0,0,0,0,0,0,0,0,0,0,0,0,0,0,0,0
"5","2017-10-17",324.7,13.2,7.51317733990148,682.913177339901,39.105915,-96.605923,"King","stream",1,40,0,0,0,0,0,0,0,0,0,0,0,0,0,0,1,18,0,0,0,26,6,29,0,0,0,0,0,0,0,0,0,0,0,0,0,0,0,0,0,0,0,0,0,0,0,0,0,0,0,0,0,0,0,0,0,0,0,0,0,0,0,0,0,0,0,0,0,0,0,0,0,0,0,0,0,0,0,0,0,0,0,0,0,0,0,0,0,0,0,0,0
"6","2017-10-18",324.830990338164,14.3134178743961,10.491690821256,621.054347826087,39.1057702556763,-96.605399693599,"King","stream",0,6,0,0,0,0,2,0,0,0,0,0,0,0,0,0,2,2,36,1,4,11,3,23,0,0,0,0,0,0,0,0,0,0,0,0,0,0,0,0,0,0,0,0,0,0,0,0,0,0,0,0,0,0,0,0,0,0,0,0,0,0,0,0,0,0,0,0,0,0,0,0,0,0,0,0,0,0,0,0,0,0,0,0,0,0,0,0,0,0,0,0,0
"7","2017-10-19",325.1,12.9,2.9,608.220779220779,39.106219,-96.604413,"King","stream",0,14,0,0,0,0,0,0,0,0,0,0,0,0,0,0,4,0,13,0,7,7,1,11,0,0,0,0,0,0,0,0,0,0,0,0,0,0,0,0,0,0,0,0,0,0,0,0,0,0,0,0,0,0,0,0,0,0,0,0,0,0,0,0,0,0,0,0,0,0,0,0,0,0,0,0,0,0,0,0,0,0,0,0,0,0,0,0,0,0,0,0,0
"8","2017-10-20",325.740197675682,13.4028877484523,1.55476777180406,575.886502117954,39.1057514349408,-96.6046317595036,"King","stream",1,6,1,0,0,0,31,9,0,0,0,0,0,0,0,0,0,2,33,11,1,9,4,24,0,0,0,0,0,0,0,0,0,0,0,0,0,0,0,0,0,0,0,0,0,0,0,0,0,0,0,0,0,0,0,0,0,0,0,0,0,0,0,0,0,0,0,0,0,0,0,0,0,0,0,0,0,0,0,0,0,0,0,0,0,0,0,0,0,0,0,0,0
"9","2017-10-24",247.1,14.9525211352657,8.0525211352657,297.115126811594,35.953826,-84.276366,"Walk","stream",0,0,0,0,0,0,0,0,0,0,0,0,0,0,0,0,0,0,0,0,0,0,0,0,46,32,3,0,0,0,0,0,0,0,0,0,0,0,0,0,0,0,0,0,0,0,0,0,0,0,0,0,0,0,0,0,0,0,0,0,0,0,0,0,0,0,0,0,0,0,0,0,0,0,0,0,0,0,0,0,0,0,0,0,0,0,0,0,0,0,0,0,0
"10","2017-10-24",372.8,12.4,6,549,38.946733,-96.443086,"Mcdi","stream",1,37,2,0,0,0,0,0,0,0,0,0,0,0,2,24,0,2,8,0,19,30,34,16,0,0,0,0,0,0,0,0,0,0,0,0,0,0,0,0,0,0,0,0,0,0,0,0,0,0,0,0,0,0,0,0,0,0,0,0,0,0,0,0,0,0,0,0,0,0,0,0,0,0,0,0,0,0,0,1,0,0,31,5,0,0,0,3,0,0,0,0,0
"11","2017-10-25",254.813594179286,12.1228060507316,7.82000830617852,261.415094882116,35.955167234394,-84.2782490627835,"Walk","stream",0,0,0,0,0,0,0,0,0,0,0,0,0,0,0,0,0,0,0,0,0,0,0,0,74,47,9,3,0,0,0,0,0,0,0,0,0,0,0,0,0,0,0,0,0,0,0,0,0,0,0,0,0,0,0,0,0,0,0,0,0,0,0,0,0,0,0,0,0,0,0,0,0,0,0,0,0,0,0,0,0,0,0,0,0,0,0,0,0,0,0,0,0
"12","2017-10-25",374.3,11.6,7.1,553,38.946851,-96.443698,"Mcdi","stream",0,16,0,0,0,0,0,0,0,0,0,0,0,0,0,0,0,0,1,0,7,16,11,14,0,0,0,0,0,0,0,0,0,0,0,0,0,0,0,0,0,0,0,0,0,0,0,0,0,0,0,0,0,0,0,0,0,0,0,0,0,0,0,0,0,0,0,0,0,0,0,0,0,0,0,0,0,0,0,0,0,0,5,0,0,0,0,0,0,0,0,0,0
"13","2017-10-26",275.520833333333,12.9545085470085,8.30642094017094,261.520523504274,35.9565758958333,-84.278921125,"Walk","stream",0,0,0,0,0,0,0,0,0,0,0,0,0,0,0,0,0,0,0,0,0,0,0,0,60,60,26,9,0,0,0,0,0,0,0,0,0,0,0,0,0,0,0,0,0,0,0,0,0,0,0,0,0,0,0,0,0,0,0,0,0,0,0,0,0,0,0,0,0,0,0,0,0,0,0,0,0,0,0,0,0,0,0,0,0,0,0,0,0,0,0,0,0
"14","2017-10-26",374.7,12.1,4.8,580,38.947295,-96.444158,"Mcdi","stream",0,28,0,0,0,0,0,0,0,0,0,0,0,0,0,0,2,6,21,0,5,24,6,31,0,0,0,0,0,0,0,0,0,0,0,0,0,0,0,0,0,0,0,0,0,0,0,0,0,0,0,0,0,0,0,0,0,0,0,0,0,0,0,0,0,0,0,0,0,0,0,0,0,0,0,0,0,0,0,0,0,0,15,0,0,0,0,0,0,0,0,0,0
"15","2017-11-03",225.9,12.7225,10.4523284313725,102.127034313725,42.471703,-72.329882,"Hopb","stream",0,0,0,0,0,0,0,0,0,0,0,0,0,0,0,0,2,4,0,0,0,0,0,0,15,34,0,0,0,0,0,0,0,0,0,0,0,0,0,0,0,0,0,0,0,0,0,0,0,0,0,0,0,0,0,0,0,0,0,0,0,0,0,0,0,0,0,0,0,0,0,0,0,0,0,0,0,0,0,0,0,0,0,0,0,0,0,0,0,0,0,0,0
"16","2017-11-08",211.022385885886,10.7120825825826,12.5666261261261,108.151864864865,42.473068987973,-72.3316595287838,"Hopb","stream",0,0,0,0,0,0,0,0,0,0,0,0,0,0,0,0,10,50,0,0,0,0,0,0,12,74,0,0,0,0,0,0,0,0,0,12,0,5,0,0,0,0,0,0,0,0,0,0,0,0,0,0,0,0,0,0,0,0,0,0,0,0,0,0,0,0,0,0,0,0,0,0,0,0,0,0,0,0,0,0,0,0,0,0,0,0,0,0,0,0,0,0,0
"17","2017-11-13",251.6,14.1,9.5,812,33.376805,-97.779939,"Prin","stream",3,0,4,1,0,0,21,22,0,1,24,5,5,0,0,0,0,0,0,0,0,0,0,0,0,0,0,0,0,0,0,0,0,0,0,0,0,0,0,0,0,0,0,0,0,0,0,0,0,0,0,0,0,0,0,0,0,0,0,0,0,0,0,0,0,0,0,0,0,0,0,0,0,0,0,0,0,0,0,0,0,0,0,0,0,0,0,0,0,0,0,0,0
"18","2017-11-14",251.1,15.6683389894419,7.7425988771577,787,33.377757,-97.779688,"Prin","stream",17,0,4,0,2,0,27,1,13,4,45,2,13,0,0,1,0,0,0,0,0,0,0,0,0,0,0,0,0,0,0,0,0,0,0,0,0,0,0,0,0,0,0,0,0,0,0,0,0,0,0,0,0,0,0,0,0,0,0,0,0,0,0,0,0,0,0,0,0,0,0,0,0,0,0,0,0,0,0,0,0,0,0,0,0,0,0,0,0,0,0,2,0
"19","2017-11-15",252.546498701299,17.7604199134199,9.7604683982684,683.591051948052,33.3784127226753,-97.7822747565714,"Prin","stream",32,1,4,0,0,0,50,7,6,0,88,12,12,0,0,0,0,0,0,0,0,0,0,0,0,0,0,0,0,0,0,0,0,0,0,0,0,0,0,0,0,0,0,0,0,0,0,0,0,0,0,0,0,0,0,0,0,0,0,0,0,0,0,0,0,0,0,0,0,0,0,0,0,0,0,0,0,0,0,0,0,0,0,0,0,0,0,0,0,0,0,3,0
"20","2017-11-16",253.245172017525,15.9357804532069,8.18931893270129,765.842674890469,33.377108767217,-97.7850321215309,"Prin","stream",13,6,3,1,1,0,51,0,4,5,28,3,8,0,0,0,0,0,0,0,0,0,0,0,0,0,0,0,0,0,0,0,0,0,0,0,0,0,0,0,0,0,0,0,0,0,0,0,0,0,0,0,0,0,0,0,0,0,0,0,0,0,0,0,0,0,0,0,0,0,0,0,0,0,0,0,0,0,0,0,0,0,0,0,0,0,0,0,0,0,0,2,0
"21","2018-03-19",251.9,13.1,12.3,923,33.376097,-97.779433,"Prin","stream",0,0,2,0,1,0,0,0,3,0,4,0,4,1,0,0,0,0,0,0,0,0,0,0,0,0,0,0,0,0,0,0,0,0,0,0,0,0,0,0,0,0,0,0,0,0,0,0,0,0,0,0,0,0,0,0,0,0,0,0,0,0,0,0,0,0,0,0,0,0,0,0,0,0,0,0,0,0,0,0,0,0,0,0,0,0,0,0,2,0,0,0,0
"22","2018-03-20",247.673076923077,13.8617948717949,9.66179487179487,200.925384615385,35.9540112948718,-84.2767885487179,"Walk","stream",0,0,0,0,0,0,0,0,0,0,0,0,0,0,0,0,0,0,0,0,0,0,0,0,65,45,0,0,0,0,0,0,0,0,0,0,0,0,0,0,0,0,0,0,0,0,0,0,0,0,0,0,0,0,0,0,0,0,0,0,0,0,0,0,0,0,0,0,0,0,0,0,0,0,0,0,0,0,0,0,0,0,0,0,0,0,0,0,0,0,0,0,0
"23","2018-03-20",251.1,11.1,11.4,929,33.377757,-97.779688,"Prin","stream",5,0,5,0,1,0,0,0,3,1,13,0,1,0,0,0,0,0,0,0,0,0,0,0,0,0,0,0,0,0,0,0,0,0,0,0,0,0,0,0,0,0,0,0,0,0,0,0,0,0,0,0,0,0,0,0,0,0,0,0,0,0,0,0,0,0,0,0,0,0,0,0,0,0,0,0,0,0,0,0,0,0,0,0,0,0,0,0,1,0,0,1,1
"24","2018-03-21",253.090816993464,9.50816993464052,9.50816993464052,895,33.378314124183,-97.7837969751634,"Prin","stream",0,0,6,0,4,3,0,1,6,5,51,4,17,2,0,0,0,0,0,0,0,0,0,0,0,0,0,0,0,0,0,0,0,0,0,0,0,0,0,0,0,0,0,0,0,0,0,0,0,0,0,0,0,0,0,0,0,0,0,0,0,0,0,0,0,0,0,0,0,0,0,0,0,0,0,0,0,0,0,0,0,0,0,0,0,0,0,0,3,1,0,0,0
"25","2018-03-21",255.9,10.2324637681159,11.5863768115942,180.778260869565,35.954799,-84.277926,"Walk","stream",0,0,0,0,0,0,0,0,0,0,0,0,0,0,0,0,0,0,0,0,0,0,0,0,20,23,1,0,0,0,0,0,0,0,0,0,0,0,0,0,0,0,0,0,0,0,0,0,0,0,0,0,0,0,0,0,0,0,0,0,0,0,0,0,0,0,0,0,0,0,0,0,0,0,0,0,0,0,0,0,0,0,0,0,0,0,0,0,0,0,0,0,0
"26","2018-03-22",252.9925,14.1001388888889,10.0959722222222,896.502777777778,33.3772233291667,-97.7832597361111,"Prin","stream",30,1,5,0,5,0,3,0,3,5,20,2,12,0,0,0,0,0,0,0,0,0,0,0,0,0,0,0,0,0,0,0,0,0,0,0,0,0,0,0,0,0,0,0,0,0,0,0,0,0,0,0,0,0,0,0,0,0,0,0,0,0,0,0,0,0,0,0,0,0,0,0,0,0,0,0,0,0,0,0,0,0,0,0,0,0,0,0,4,0,0,3,0
"27","2018-03-28",275.2,12.7416666666667,10.5120833333333,135.219583333333,35.956182,-84.278768,"Walk","stream",0,0,0,0,0,0,0,0,0,0,0,0,0,0,0,0,0,0,0,0,0,0,0,0,20,20,20,6,0,0,0,0,0,0,0,0,0,0,0,0,0,0,0,0,0,0,0,0,0,0,0,0,0,0,0,0,0,0,0,0,0,0,0,0,0,0,0,0,0,0,0,0,0,0,0,0,0,0,0,0,0,0,0,0,0,0,0,0,0,0,0,0,0
"28","2018-03-29",278.974492900609,12.9753042596349,9.9,132.710953346856,35.9575115466531,-84.2793584056795,"Walk","stream",0,0,0,0,0,0,0,0,0,0,0,0,0,0,0,0,0,0,0,0,0,0,0,0,29,17,22,7,0,0,0,0,0,0,0,0,0,0,0,0,0,0,0,0,0,0,0,0,0,0,0,0,0,0,0,0,0,0,0,0,0,0,0,0,0,0,0,0,0,0,0,0,0,0,0,0,0,0,0,0,0,0,0,0,0,0,0,0,0,0,0,0,0
"29","2018-04-02",77.9,16.1000744047619,9.87778341450217,13.2447916666667,32.963282,-87.409361,"Mayf","stream",0,0,0,0,0,0,0,0,0,0,0,0,0,0,0,0,0,0,0,0,0,0,0,0,0,0,0,0,0,0,0,0,0,0,0,0,0,0,0,1,0,0,1,1,0,1,1,1,0,4,2,28,15,0,0,0,0,0,0,0,0,40,11,0,0,0,6,1,0,0,1,2,0,0,0,0,0,0,0,0,0,0,0,0,0,0,0,0,0,0,0,0,0
"30","2018-04-03",74.373838013838,18.6346906796907,8.98013838013838,12.8694637769638,32.9618755524725,-87.4083733525844,"Mayf","stream",0,0,0,0,0,0,0,0,1,0,0,0,0,0,0,0,0,0,0,0,0,0,0,0,0,0,0,0,0,0,0,0,0,0,0,0,0,0,0,0,0,0,4,0,3,0,2,5,1,3,0,8,4,0,0,1,0,2,2,0,0,26,14,0,0,0,5,3,0,0,3,1,0,0,0,0,0,0,0,0,0,0,0,0,0,0,0,0,0,0,0,0,0
"31","2018-04-04",79.1,17.578632087465,7.90868293923214,13.0834909738113,32.960654,-87.407831,"Mayf","stream",0,0,0,0,0,0,0,0,0,0,0,0,0,0,0,0,0,0,0,0,0,0,0,0,0,0,0,0,0,0,0,0,0,0,0,0,0,0,0,0,1,0,1,1,1,0,2,2,1,5,0,9,5,1,0,1,0,0,3,0,0,23,18,0,0,0,1,2,0,1,0,2,0,0,0,0,0,0,0,0,0,0,0,0,0,0,0,0,0,0,0,0,0
"32","2018-04-05",74.2,12.9258189033189,9.92929292929293,13.3387049062049,32.95926,-87.407681,"Mayf","stream",0,0,0,0,0,0,0,0,0,0,0,0,0,0,0,0,0,0,0,0,0,0,0,0,0,0,0,0,0,0,0,0,0,0,0,0,0,0,0,0,0,0,2,3,0,1,2,0,1,1,0,11,7,0,0,0,0,3,2,0,0,24,10,0,0,0,2,0,0,0,1,1,0,0,0,0,0,0,0,0,0,0,0,0,0,0,0,0,0,0,0,0,0
"33","2018-04-11",324.7,10,6,706,39.105915,-96.605923,"King","stream",0,21,0,0,0,0,0,0,0,0,0,0,0,0,0,0,2,9,11,12,1,3,4,23,0,0,0,0,0,0,0,0,0,0,0,0,0,0,0,0,0,0,0,0,0,0,0,0,0,0,0,0,0,0,0,0,0,0,0,0,0,0,0,0,0,0,0,0,0,0,0,0,0,0,0,0,0,0,0,0,0,0,0,0,0,0,0,0,0,0,0,0,0
"34","2018-04-12",325.1,11.4346153846154,3.24145299145299,663,39.106219,-96.604413,"King","stream",1,18,0,0,0,0,0,0,0,0,0,0,0,0,0,0,13,10,20,2,1,3,9,20,0,0,0,0,0,0,0,0,0,0,0,0,0,0,0,0,0,0,0,0,0,0,0,0,0,0,0,0,0,0,0,0,0,0,0,0,0,0,0,0,0,0,0,0,0,0,0,0,0,0,0,0,0,0,0,0,0,0,0,0,0,0,0,0,0,0,0,0,0
"35","2018-04-17",374.8,6.6,6.4,585,38.946002,-96.443157,"Mcdi","stream",1,45,0,0,0,0,0,0,0,0,0,0,0,0,0,2,0,1,39,1,0,0,12,25,0,0,0,0,0,0,0,0,0,0,0,0,0,0,0,0,0,0,0,0,0,0,0,0,0,0,0,0,0,0,0,0,0,0,0,0,0,0,0,0,0,0,0,0,0,0,0,0,0,0,0,0,0,0,0,0,0,0,7,0,0,0,0,0,0,0,0,0,0
"36","2018-04-18",372.8,8.6,5.5,564,38.946733,-96.443086,"Mcdi","stream",0,27,0,0,0,0,0,0,0,0,0,0,0,0,0,12,2,9,11,0,0,0,36,20,0,0,0,0,0,0,0,0,0,0,0,0,0,0,0,0,0,0,0,0,0,0,0,0,0,0,0,0,0,0,0,0,0,0,0,0,0,0,0,0,0,0,0,0,0,0,0,0,0,0,0,0,1,0,0,0,0,0,16,0,2,0,6,0,0,0,0,0,0
"37","2018-04-19",374.7,8.4,6.4,589,38.947295,-96.444158,"Mcdi","stream",0,36,0,0,0,0,0,0,0,0,0,0,0,0,1,1,1,4,29,1,0,0,6,36,0,0,0,0,0,0,0,0,0,0,0,0,0,0,0,0,0,0,0,0,0,0,0,0,0,0,0,0,0,0,0,0,0,0,0,0,0,0,0,0,0,0,0,0,0,0,0,0,0,0,0,0,0,0,0,0,0,1,14,0,0,0,0,0,0,0,0,0,0
"38","2018-04-30",202.1,8.40933333333333,10.781,102.595,42.471863,-72.328095,"Hopb","stream",0,0,0,0,0,0,0,0,0,0,0,0,0,0,0,0,2,4,0,0,0,0,0,0,10,12,0,0,0,0,0,0,0,0,0,0,0,1,0,0,0,0,0,0,0,0,0,0,0,0,0,0,0,0,0,0,0,0,0,0,0,0,0,0,0,0,0,0,0,0,0,0,0,0,0,0,0,0,0,0,0,0,0,0,0,0,0,0,0,0,0,0,0
"39","2018-05-01",216.901418439716,9.86906488048332,10.7855923299186,105.698426582611,42.4719364631994,-72.3294610663515,"Hopb","stream",0,0,0,0,0,0,0,0,0,0,0,0,0,0,0,0,5,5,0,0,0,0,0,0,27,47,0,0,0,0,0,0,0,0,0,3,0,5,0,0,0,0,0,0,0,0,0,0,0,0,0,0,0,0,0,0,0,0,0,0,0,0,0,0,0,0,0,0,0,0,0,0,0,0,0,0,0,0,0,0,0,0,0,0,0,0,0,0,0,0,0,0,0
"40","2018-05-02",217.559025032938,13.2310276679842,10.5042160737813,106.902486824769,42.4723086240119,-72.3308394637681,"Hopb","stream",0,0,0,0,0,0,0,0,0,0,0,0,0,0,0,0,5,23,0,0,0,0,0,0,35,44,0,0,0,0,0,0,0,0,0,1,0,1,0,0,0,0,0,0,0,0,0,0,0,0,0,0,0,0,0,0,0,0,0,0,0,0,0,0,0,0,0,0,0,0,0,0,0,0,0,0,0,0,0,0,0,0,0,0,0,0,0,0,0,0,0,0,0
"41","2018-05-03",211.8,14.5393939393939,9.65950812472552,111.175801493193,42.473425,-72.331693,"Hopb","stream",0,0,0,0,0,0,0,0,0,0,0,0,0,0,0,0,3,46,0,0,0,0,0,0,7,33,0,0,0,0,0,0,0,0,1,0,1,0,0,0,0,0,0,0,0,0,0,0,0,0,0,0,0,0,0,0,0,0,0,0,0,0,0,0,0,0,0,0,0,0,0,0,0,0,0,0,0,0,0,0,0,0,0,0,0,0,0,0,0,0,0,0,0
"42","2018-10-22",202.1,6.44489795918367,12.1289795918367,80.5138775510204,42.471863,-72.328095,"Hopb","stream",0,0,0,0,0,0,0,0,0,0,0,0,0,0,0,0,14,10,0,0,0,0,0,0,7,14,0,0,0,0,0,0,0,0,1,0,1,2,0,0,0,0,0,0,0,0,0,0,0,0,0,0,0,0,0,0,0,0,0,0,0,0,0,0,0,0,0,0,0,0,0,0,0,0,0,0,0,0,0,0,0,0,0,0,0,0,0,0,0,0,0,0,0
"43","2018-10-23",218.819061859193,7.24629613807245,11.5964274322169,81.764499316473,42.4718867110062,-72.3295507694492,"Hopb","stream",0,0,0,0,0,0,0,0,0,0,0,0,0,0,0,0,10,19,0,0,0,0,0,0,35,33,0,0,0,0,0,0,0,0,3,1,8,1,0,0,0,0,0,0,0,0,0,0,0,0,0,0,0,0,0,0,0,0,0,0,0,0,0,0,0,0,0,0,0,0,0,0,0,0,0,0,0,0,0,0,0,0,0,0,0,0,0,0,0,0,0,0,0
"44","2018-10-23",374.8,12.7,9.2,449.1,38.946002,-96.443157,"Mcdi","stream",1,4,0,0,0,0,0,0,0,0,0,0,0,0,0,0,0,0,1,8,0,0,20,0,0,0,0,0,0,0,0,0,0,0,0,0,0,0,0,0,0,0,0,0,0,0,0,0,0,0,0,0,0,0,0,0,0,0,0,0,0,0,0,0,0,0,0,0,0,0,0,0,0,0,0,0,0,0,0,0,0,0,1,0,0,0,0,0,0,0,0,0,0
"45","2018-10-24",217.95543049543,7.9006019377448,11.6668673125816,83.2668673125816,42.4722632851371,-72.3308425783825,"Hopb","stream",0,0,0,0,0,0,0,0,0,0,0,0,0,0,0,0,20,11,0,0,0,0,0,0,27,28,0,0,0,0,0,0,0,0,1,0,6,1,0,0,0,0,0,0,0,0,0,0,0,0,0,0,0,0,0,0,0,0,0,0,0,0,0,0,0,0,0,0,0,0,0,0,0,0,0,0,0,0,0,0,0,0,0,0,0,0,0,0,0,0,0,0,0
"46","2018-10-24",372.8,13.1683733974359,10.2384014423077,448.002716346154,38.946733,-96.443086,"Mcdi","stream",0,39,5,1,1,0,0,0,0,0,0,0,0,0,0,0,4,0,4,8,0,0,48,5,0,0,0,0,0,0,0,0,0,0,0,0,0,0,0,0,0,0,0,0,0,0,0,0,0,0,0,0,0,0,0,0,0,0,0,0,0,0,0,0,0,0,0,0,0,0,0,0,0,0,1,4,1,1,0,0,0,0,5,0,0,4,4,0,0,0,0,0,0
"47","2018-10-25",211.8,6.69994961572629,11.8864096393513,83.9772374036053,42.473425,-72.331693,"Hopb","stream",0,0,0,0,0,0,0,0,0,0,0,0,0,0,0,0,27,41,0,0,0,0,0,0,29,61,0,0,0,0,1,0,1,0,2,0,2,2,0,0,0,0,0,0,0,0,0,0,0,0,0,0,0,0,0,0,0,0,0,0,0,0,0,0,0,0,0,0,0,0,0,0,0,0,0,0,0,0,0,0,0,0,0,0,0,0,0,0,0,0,0,0,0
"48","2018-10-26",374.7,13.2374197792869,10.0668928268251,457.380982597623,38.947295,-96.444158,"Mcdi","stream",1,38,1,2,0,1,0,0,0,0,0,0,1,1,0,0,2,0,4,6,0,0,31,15,0,0,0,0,0,0,0,0,0,0,0,0,0,0,0,0,0,0,0,0,0,0,0,0,0,0,0,0,0,0,0,0,0,0,0,0,0,0,0,0,0,0,0,0,0,0,0,0,0,0,0,0,0,0,0,0,0,2,25,0,0,4,1,0,0,0,0,0,0
"49","2018-10-31",325.1,12.38,0.94,708.3,39.106219,-96.604413,"King","stream",2,5,0,0,0,0,0,0,0,0,0,0,0,0,0,0,0,0,0,0,0,0,0,0,0,0,0,0,0,0,0,0,0,0,0,0,0,0,0,0,0,0,0,0,0,0,0,0,0,0,0,0,0,0,0,0,0,0,0,0,0,0,0,0,0,0,0,0,0,0,0,0,0,0,0,0,0,0,0,0,0,0,0,0,0,0,0,0,0,0,0,0,0
"50","2018-11-01",324.7,12.2699299909666,4.92265808491418,681.506221770551,39.105915,-96.605923,"King","stream",2,31,0,1,0,0,45,3,0,0,0,0,0,0,0,0,6,4,16,21,1,0,1,41,0,0,0,0,0,0,0,0,0,0,0,0,0,0,0,0,0,0,0,0,0,0,0,0,0,0,0,0,0,0,0,0,0,0,0,0,0,0,0,0,0,0,0,0,0,0,0,0,0,0,0,0,0,0,0,0,0,0,0,0,0,0,0,0,0,0,0,0,0
"51","2018-11-06",247.696590909091,15.3954545454545,9.80727272727273,237.5575,35.9540188977273,-84.2768058863636,"Walk","stream",1,0,0,0,0,0,0,0,0,0,0,0,0,0,0,0,0,0,0,0,0,0,0,0,110,22,2,0,0,0,0,0,0,0,0,0,0,0,0,0,0,0,0,0,0,0,0,0,0,0,0,0,0,0,0,0,0,0,0,0,0,0,0,0,0,0,0,0,0,0,0,0,0,0,0,0,0,0,0,0,0,0,0,0,0,0,0,0,0,0,0,0,0
"52","2018-11-07",269.996360169492,14.0665508474576,10.9323983050847,214.590059322034,35.9558091174153,-84.2785409811017,"Walk","stream",0,0,0,0,0,0,0,0,0,0,0,0,0,0,0,0,0,0,0,0,0,0,0,0,118,20,25,1,0,0,0,0,0,0,0,0,0,0,0,0,0,0,0,0,0,0,0,0,0,0,0,0,0,0,0,0,0,0,0,0,0,0,0,0,0,0,0,0,0,0,0,0,0,0,0,0,0,0,0,0,0,0,0,0,0,0,0,0,0,0,0,0,0
"53","2018-11-08",278.772177419355,13.1748387096774,10.4410483870968,188.530967741935,35.9577961370968,-84.2795202580645,"Walk","stream",0,0,0,0,0,0,0,0,0,0,0,0,0,0,0,0,0,0,0,0,0,0,0,0,62,5,32,5,0,0,0,0,0,0,0,0,0,0,0,0,0,0,0,0,0,0,0,0,0,0,0,0,0,0,0,0,0,0,0,0,0,0,0,0,0,0,0,0,0,0,0,0,0,0,0,0,0,0,0,0,0,0,0,0,0,0,0,0,0,0,0,0,0
"54","2018-11-13",253.090505173688,5.09494826311899,11.3216067997044,751.070602365115,33.3783133134516,-97.7837990456467,"Prin","stream",0,0,15,0,2,1,41,3,7,0,44,15,12,3,0,0,0,0,0,0,0,0,0,0,0,0,0,0,0,0,0,0,0,0,0,0,0,0,0,0,0,0,0,0,0,0,0,0,0,0,0,0,0,0,0,0,0,0,0,0,0,0,0,0,0,0,0,0,0,0,0,0,0,0,0,0,0,0,0,0,0,0,0,0,0,0,0,0,0,0,0,0,0
"55","2018-11-14",251.415653235653,4.16004273504273,10.6318070818071,737.574168192918,33.3777384066952,-97.7799184703526,"Prin","stream",13,0,16,5,7,3,18,8,4,0,26,14,4,3,0,0,0,0,0,0,0,0,0,0,0,0,0,0,0,0,0,0,0,0,0,0,0,0,0,0,0,0,0,0,0,0,0,0,0,0,0,0,0,0,0,0,0,0,0,0,0,0,0,0,0,0,0,0,0,0,0,0,0,0,0,0,0,0,0,0,0,0,0,0,0,0,0,0,0,0,0,0,0
"56","2018-11-15",253.7,4.7,12.6,764,33.376642,-97.785056,"Prin","stream",17,4,9,0,0,0,16,14,0,0,5,2,2,0,0,0,0,0,0,0,0,0,0,0,0,0,0,0,0,0,0,0,0,0,0,0,0,0,0,0,0,0,0,0,0,0,0,0,0,0,0,0,0,0,0,0,0,0,0,0,0,0,0,0,0,0,0,0,0,0,0,0,0,0,0,0,0,0,0,0,0,0,0,0,0,0,0,0,0,0,0,0,0
"57","2018-11-26",77.9,10.9901754385965,4.83350877192982,14.1549122807018,32.963282,-87.409361,"Mayf","stream",0,0,0,0,0,0,0,0,2,1,0,0,0,0,0,0,0,0,0,0,0,0,0,0,0,0,0,0,0,0,0,0,0,0,0,0,0,0,0,0,0,3,0,0,1,1,1,0,1,5,3,8,3,0,0,0,0,2,2,0,0,4,1,0,0,0,0,1,0,2,1,2,0,0,0,0,0,0,0,0,0,0,0,0,0,0,0,0,0,0,0,0,0
"58","2018-11-28",79.1,6.19615384615385,11.0473076923077,14.7634615384615,32.960654,-87.407831,"Mayf","stream",0,0,0,0,0,0,0,0,0,2,0,0,0,0,0,0,0,0,0,0,0,0,0,0,0,0,0,0,0,0,0,0,0,0,0,0,0,0,1,0,0,2,0,0,0,0,0,0,0,1,5,5,1,0,0,0,0,0,1,0,0,31,15,0,0,0,0,0,0,1,2,4,0,0,0,0,0,0,0,0,0,0,0,0,0,0,0,0,0,0,0,0,0
"59","2018-11-29",74.2,8.3451048951049,10.4821243201243,14.6347972027972,32.95926,-87.407681,"Mayf","stream",0,0,0,0,0,0,0,0,1,0,0,0,0,0,0,0,0,0,0,0,0,0,0,0,0,0,0,0,0,0,0,0,0,0,0,0,0,0,0,0,0,1,2,9,0,1,2,1,2,1,5,11,1,4,0,0,0,3,0,0,0,39,11,0,0,0,0,0,2,6,4,2,0,0,0,0,0,0,0,0,0,0,0,0,0,0,0,0,0,0,0,0,0
"60","2019-02-25",252.3,9.7,13.9,840,33.378446,-97.781624,"Prin","stream",4,0,11,0,1,0,10,10,0,0,23,6,0,0,0,0,0,0,0,0,0,0,0,0,0,0,0,0,0,0,0,0,0,0,0,0,0,0,0,0,0,0,0,0,0,0,0,0,0,0,0,0,0,0,0,0,0,0,0,0,0,0,0,0,0,0,0,0,0,0,0,0,0,0,0,0,0,0,0,0,0,0,0,0,0,0,0,0,0,0,0,0,0
"61","2019-02-26",251.243646344872,11.2582877390506,13.643273206372,836.999976045035,33.3774834973594,-97.7797601104651,"Prin","stream",4,0,9,0,2,1,25,23,2,0,22,3,4,1,0,0,0,0,0,0,0,0,0,0,0,0,0,0,0,0,0,0,0,0,0,0,0,0,0,0,0,0,0,0,0,0,0,0,0,0,0,0,0,0,0,0,0,0,0,0,0,0,0,0,0,0,0,0,0,0,0,0,0,0,0,0,0,0,0,0,0,0,0,0,0,0,0,0,0,0,0,0,0
"62","2019-02-27",253.7,12.6114285714286,12.1992207792208,800.061038961039,33.376642,-97.785056,"Prin","stream",0,0,5,1,0,0,24,22,0,0,5,1,1,0,0,0,0,0,0,0,0,0,0,0,0,0,0,0,0,0,0,0,0,0,0,0,0,0,0,0,0,0,0,0,0,0,0,0,0,0,0,0,0,0,0,0,0,0,0,0,0,0,0,0,0,0,0,0,0,0,0,0,0,0,0,0,0,0,0,0,0,0,0,0,0,0,0,0,0,0,0,0,0
"63","2019-02-28",253.1,6.36912560386473,13.4735955831608,780.297612146308,33.378338,-97.783736,"Prin","stream",0,0,8,1,9,3,23,14,0,0,45,21,8,1,0,0,0,0,0,0,0,0,0,0,0,0,0,0,0,0,0,0,0,0,0,0,0,0,0,0,0,0,0,0,0,0,0,0,0,0,0,0,0,0,0,0,0,0,0,0,0,0,0,0,0,0,0,0,0,0,0,0,0,0,0,0,0,0,0,0,0,0,0,0,0,0,0,0,0,0,0,0,0
"64","2019-03-01",252.9,5.6,11.1,841,33.378466,-97.782784,"Prin","stream",2,0,9,2,1,5,32,15,1,0,36,14,0,2,2,0,0,0,0,0,0,0,0,0,0,0,0,0,0,0,0,0,0,0,0,0,0,0,0,0,0,0,0,0,0,0,0,0,0,0,0,0,0,0,0,0,0,0,0,0,0,0,0,0,0,0,0,0,0,0,0,0,0,0,0,0,0,0,0,0,0,0,0,0,0,0,0,0,0,0,0,0,0
"65","2019-03-19",247.1,11.7944444444444,13.0114898989899,200.105808080808,35.953826,-84.276366,"Walk","stream",0,0,0,0,0,0,0,0,0,0,0,0,0,0,0,0,0,0,0,0,0,0,0,0,48,11,1,0,0,0,0,0,0,0,0,0,0,0,0,0,0,0,0,0,0,0,0,0,0,0,0,0,0,0,0,0,0,0,0,0,0,0,0,0,0,0,0,0,0,0,0,0,0,0,0,0,0,0,0,0,0,0,0,0,0,0,0,0,0,0,0,0,0
"66","2019-03-20",268.814217391304,11.7081304347826,13.2007391304348,173.705739130435,35.9557244073913,-84.2784894078261,"Walk","stream",0,0,0,0,0,0,0,0,0,0,0,0,0,0,0,0,0,0,0,0,0,0,0,0,75,12,23,1,0,0,0,0,0,0,0,0,0,0,0,0,0,0,0,0,0,0,0,0,0,0,0,0,0,0,0,0,0,0,0,0,0,0,0,0,0,0,0,0,0,0,0,0,0,0,0,0,0,0,0,0,0,0,0,0,0,0,0,0,0,0,0,0,0
"67","2019-03-21",281.255512820513,12.0779487179487,13.4303846153846,175.966923076923,35.9593717525641,-84.2803367717949,"Walk","stream",0,0,0,0,0,0,0,0,0,0,0,0,0,0,0,0,0,0,0,0,0,0,0,0,30,13,0,0,0,0,0,0,0,0,0,0,0,0,0,0,0,0,0,0,0,0,0,0,0,0,0,0,0,0,0,0,0,0,0,0,0,0,0,0,0,0,0,0,0,0,0,0,0,0,0,0,0,0,0,0,0,0,0,0,0,0,0,0,0,0,0,0,0
"68","2019-03-26",73.8,13.8,9.7,13.5,32.963864,-87.408998,"Mayf","stream",0,0,0,0,0,1,0,0,0,0,0,0,0,0,0,0,0,0,0,0,0,0,0,0,0,0,0,0,0,0,0,0,0,0,0,0,0,0,0,0,1,0,3,0,0,0,5,5,0,4,2,2,3,0,0,0,0,0,0,0,1,12,1,0,0,0,0,0,1,0,1,0,0,0,0,0,0,0,0,0,0,0,0,0,0,0,0,0,0,0,0,0,0
"69","2019-03-27",77.624826546003,13.6175465057818,9.65967320261438,13.5321769733534,32.9630549819004,-87.4092046097536,"Mayf","stream",0,0,0,0,0,0,0,0,2,0,0,0,0,0,0,0,0,0,0,0,0,0,0,0,0,0,0,0,0,0,0,0,0,0,0,0,0,0,0,0,0,0,0,2,0,0,5,6,0,2,6,9,13,0,0,3,0,0,0,0,0,26,6,0,0,0,2,2,2,2,5,1,0,0,0,0,0,0,0,0,0,0,0,0,0,0,0,0,0,0,0,0,0
"70","2019-03-28",79.1,13.369512195122,10.9308717253839,13.7540966576332,32.960654,-87.407831,"Mayf","stream",0,0,0,0,0,0,0,0,0,0,0,0,0,0,0,0,0,0,0,0,0,0,0,0,0,0,0,0,0,0,0,0,0,0,0,0,0,0,0,0,0,0,1,2,0,0,2,3,2,6,0,2,5,0,0,6,0,2,0,0,0,41,12,0,0,1,3,0,1,2,1,1,0,0,0,0,0,0,0,0,0,0,0,0,0,0,0,0,0,0,0,0,0
"71","2019-03-29",76.0310256410256,13.5323076923077,10.4764835164835,13.9287912087912,32.9595945333333,-87.4077423641026,"Mayf","stream",0,0,0,0,0,0,0,0,1,0,0,0,0,0,0,0,0,0,0,0,0,0,0,0,0,0,0,0,0,0,0,0,0,0,0,0,0,0,0,0,0,0,0,0,0,0,6,0,2,7,0,4,5,0,0,1,3,0,0,0,0,42,1,0,0,0,1,0,1,0,0,2,0,0,0,0,0,0,0,0,0,0,0,0,0,0,0,0,0,0,0,0,0
"72","2019-04-08",324.7,11.4,11.3,586,39.105915,-96.605923,"King","stream",3,1,0,0,0,0,0,0,0,0,0,0,0,0,0,0,2,0,1,9,0,0,3,3,0,0,0,0,0,0,0,0,0,0,0,0,0,0,0,0,0,0,0,0,0,0,0,0,0,0,0,0,0,0,0,0,0,0,0,0,0,0,0,0,0,0,0,0,0,0,0,0,0,0,0,0,0,0,0,0,0,0,0,0,0,0,0,0,0,0,0,0,0
"73","2019-04-10",325.7,13.6913603063603,11.4270253080253,593,39.105785,-96.604701,"King","stream",4,39,0,0,0,0,0,0,0,0,0,0,0,0,0,0,0,0,6,50,0,0,11,50,0,0,0,0,4,0,0,0,0,0,0,0,0,0,0,0,0,0,0,0,0,0,0,0,0,0,0,0,0,0,0,0,0,0,0,0,0,0,0,0,0,0,0,0,0,0,0,0,0,0,0,0,0,0,0,0,0,0,0,0,0,0,0,0,0,0,0,0,0
"74","2019-04-11",328.539726753771,10.3772014099063,10.2455971801875,587.838225355347,39.1046638976783,-96.6020544097237,"King","stream",4,62,0,0,0,0,0,0,0,0,0,0,0,0,0,0,0,0,4,46,0,0,10,57,0,0,0,0,0,0,0,0,0,0,0,0,0,0,0,0,0,0,0,0,0,0,0,0,0,0,0,0,0,0,0,0,0,0,0,0,0,0,0,0,0,0,0,0,0,0,0,0,0,0,0,0,0,0,0,0,0,0,0,0,0,0,0,0,0,0,0,0,0
"75","2019-04-17",372.8,14.3299773929774,11.0825757575758,536.980335097002,38.946733,-96.443086,"Mcdi","stream",2,50,0,0,0,0,0,0,0,0,0,0,0,0,0,0,0,0,2,45,0,0,44,7,0,0,0,0,0,0,0,0,0,0,0,0,0,0,0,0,0,0,0,0,0,0,0,0,0,0,0,0,0,0,0,0,0,0,0,0,0,0,0,0,0,0,0,0,0,0,0,0,0,0,0,0,0,0,0,0,2,0,10,0,0,0,2,0,0,0,0,0,0
"76","2019-04-18",374.7,12.9935196078431,11.6578823529412,535.55681372549,38.947295,-96.444158,"Mcdi","stream",2,51,0,0,0,0,0,0,0,0,0,0,0,0,0,0,0,0,1,5,0,0,50,2,0,0,0,0,0,0,0,0,0,0,0,0,0,0,0,0,0,0,0,0,0,0,0,0,0,0,0,0,0,0,0,0,0,0,0,0,0,0,0,0,0,0,0,0,0,0,0,0,0,0,0,0,0,0,0,0,0,1,15,0,0,0,0,0,0,0,0,0,0
"77","2019-04-19",378.8,10.4,12.7,543,38.947391,-96.445213,"Mcdi","stream",1,8,0,0,0,0,0,0,0,0,0,0,0,0,0,0,0,0,1,43,0,0,14,1,0,0,0,0,0,0,0,0,0,0,0,0,0,0,0,0,0,0,0,0,0,0,0,0,0,0,0,0,0,0,0,0,0,0,0,0,0,0,0,0,0,0,0,0,0,0,0,0,0,0,0,0,0,0,0,0,0,0,0,0,0,0,0,0,0,0,0,0,0
"78","2019-05-06",191.893452380952,13.1979166666667,9.8,82.3602182539683,42.4713224007937,-72.3255786815476,"Hopb","stream",0,0,0,0,0,0,0,0,0,0,0,0,0,0,0,0,3,9,0,0,0,0,0,0,7,8,0,0,0,0,0,0,0,0,0,0,1,1,0,0,0,0,0,0,0,0,0,0,0,0,0,0,0,0,0,0,0,0,0,0,0,0,0,0,0,0,0,0,0,0,0,0,0,0,0,0,0,0,0,0,0,0,0,0,0,0,0,0,0,0,0,0,0
"79","2019-05-07",202.1,11.3071428571429,11.1026785714286,90.1,42.471863,-72.328095,"Hopb","stream",0,0,0,0,0,0,0,0,0,0,0,0,0,0,0,0,1,7,0,0,0,0,0,0,8,7,0,0,0,0,0,0,0,0,0,0,1,2,0,0,0,0,0,0,0,0,0,0,0,0,0,0,0,0,0,0,0,0,0,0,0,0,0,0,0,0,0,0,0,0,0,0,0,0,0,0,0,0,0,0,0,0,0,0,0,0,0,0,0,0,0,0,0
"80","2019-05-08",213.842962962963,13.9163756613757,9.65801587301587,89.2086772486772,42.4721948388889,-72.331140637037,"Hopb","stream",0,0,0,0,0,0,0,0,0,0,0,0,0,0,0,0,9,10,0,0,0,0,0,0,21,14,0,0,0,0,0,0,0,0,2,0,3,0,0,0,0,0,0,0,0,0,0,0,0,0,0,0,0,0,0,0,0,0,0,0,0,0,0,0,0,0,0,0,0,0,0,0,0,0,0,0,0,0,0,0,0,0,0,0,0,0,0,0,0,0,0,0,0
"81","2019-05-09",211.8,10.628579480864,10.6266515094101,91.8766928760894,42.473425,-72.331693,"Hopb","stream",0,0,0,0,0,0,0,0,0,0,0,0,0,0,0,0,21,26,0,0,0,0,0,0,29,48,0,0,0,0,0,0,0,0,0,0,1,0,0,0,0,0,0,0,0,0,0,0,0,0,0,0,0,0,0,0,0,0,0,0,0,0,0,0,0,0,0,0,0,0,0,0,0,0,0,0,0,0,0,0,0,0,0,0,0,0,0,0,0,0,0,0,0
"82","2019-10-21",193.744299954012,9.64171362451819,11.3548909118781,116.980031785433,42.471303331455,-72.3262340498474,"Hopb","stream",0,0,0,0,0,0,0,0,0,0,0,0,0,0,0,0,38,46,0,0,0,0,0,0,59,6,0,0,0,0,0,0,0,3,0,0,6,11,0,0,0,0,0,0,0,0,0,0,0,0,0,0,0,0,0,0,0,0,0,0,0,0,0,0,0,0,0,0,0,0,0,0,0,0,0,0,0,0,0,0,0,0,0,0,0,0,0,0,0,0,0,0,0
"83","2019-10-21",324.7,13.1473148148148,7.19566137566138,651.569841269841,39.105915,-96.605923,"King","stream",0,35,0,0,0,0,0,0,0,0,0,0,0,0,0,0,0,2,2,18,0,0,15,36,0,0,0,0,0,0,0,0,0,0,0,0,0,0,0,0,0,0,0,0,0,0,0,0,0,0,0,0,0,0,0,0,0,0,0,0,0,0,0,0,0,0,0,0,0,0,0,0,0,0,0,0,0,0,0,0,0,0,0,0,0,0,0,0,0,0,0,0,0
"84","2019-10-22",202.1,9.19234519104084,11.1115228370663,120.561563460694,42.471863,-72.328095,"Hopb","stream",0,0,0,0,0,0,0,0,0,0,0,0,0,0,0,0,23,55,0,0,0,0,0,0,18,4,0,0,0,0,3,0,0,3,0,0,1,4,0,0,0,0,0,0,0,0,0,0,0,0,0,0,0,0,0,0,0,0,0,0,0,0,0,0,0,0,0,0,0,0,0,0,0,0,0,0,0,0,0,0,0,0,0,0,0,0,0,0,0,0,0,0,0
"85","2019-10-22",324.982625661376,12.3173544973545,7.55378086419753,642.406977513228,39.1059108923611,-96.6048302657738,"King","stream",1,54,0,0,0,0,0,0,0,0,0,0,0,0,0,0,0,1,0,32,0,0,35,21,0,0,0,0,0,0,0,0,0,0,0,0,0,0,0,0,0,0,0,0,0,0,0,0,0,0,0,0,0,0,0,0,0,0,0,0,0,0,0,0,0,0,0,0,0,0,0,0,0,0,0,0,0,0,0,0,0,0,0,0,0,0,0,0,0,0,0,0,0
"86","2019-10-23",325.890227743271,13.8082556935818,6.45320393374741,638.44218426501,39.1056261598344,-96.6043733327122,"King","stream",0,24,0,0,0,0,0,0,0,0,0,0,0,0,0,0,0,2,0,23,0,0,23,14,0,0,0,0,0,0,0,0,0,0,0,0,0,0,0,0,0,0,0,0,0,0,0,0,0,0,0,0,0,0,0,0,0,0,0,0,0,0,0,0,0,0,0,0,0,0,0,0,0,0,0,0,0,0,0,0,0,0,0,0,0,0,0,0,0,0,0,0,0
"87","2019-10-24",215.08236019796,8.68998537135183,11.4099317035244,118.200317993237,42.4721442805505,-72.3310112560574,"Hopb","stream",0,0,0,0,0,0,0,0,0,0,0,0,0,0,0,0,19,46,0,0,0,0,0,0,74,7,0,0,0,0,0,0,0,1,0,0,4,5,0,0,0,0,0,0,0,0,0,0,0,0,0,0,0,0,0,0,0,0,0,0,0,0,0,0,0,0,0,0,0,0,0,0,0,0,0,0,0,0,0,0,0,0,0,0,0,0,0,0,0,0,0,0,0
"88","2019-10-24",330.3,14.1,4.6,617,39.104096,-96.600642,"King","stream",0,0,0,0,0,0,0,0,0,0,0,0,0,0,0,0,0,0,0,0,0,0,0,1,0,0,0,0,0,0,0,0,0,0,0,0,0,0,0,0,0,0,0,0,0,0,0,0,0,0,0,0,0,0,0,0,0,0,0,0,0,0,0,0,0,0,0,0,0,0,0,0,0,0,0,0,0,0,0,0,0,0,0,0,0,0,0,0,0,0,0,0,0
"89","2019-10-25",211.8,9.14363071694268,10.9205598998308,118.99443576921,42.473425,-72.331693,"Hopb","stream",0,0,0,0,0,0,0,0,0,0,0,0,0,0,0,0,16,77,0,0,0,0,0,0,107,34,0,0,0,0,1,0,0,0,0,0,4,1,0,0,0,0,0,0,0,0,0,0,0,0,0,0,0,0,0,0,0,0,0,0,0,0,0,0,0,0,0,0,0,0,0,0,0,0,0,0,0,0,0,0,0,0,0,0,0,0,0,0,0,0,0,0,0
"90","2019-10-31",372.8,6.22307926829268,10.6804539295393,592.872730352304,38.946733,-96.443086,"Mcdi","stream",14,41,0,1,0,0,0,0,0,0,0,0,0,0,0,1,0,0,0,0,0,0,30,12,0,0,0,0,0,0,0,0,0,0,0,0,0,0,0,0,0,0,0,0,0,0,0,0,0,0,0,0,0,0,0,0,0,0,0,0,0,0,0,0,0,0,0,0,0,0,0,0,0,0,1,0,0,0,1,0,1,1,0,3,0,1,0,0,0,0,0,0,0
"91","2019-11-01",374.7,6.70203962703963,5.86585359085359,605.001026751027,38.947295,-96.444158,"Mcdi","stream",0,52,3,1,0,0,0,0,0,0,0,0,0,1,0,0,0,0,0,7,0,0,45,9,0,0,0,0,0,0,0,0,0,0,0,0,0,0,0,0,0,0,0,0,0,0,0,0,0,0,0,0,0,0,0,0,0,0,0,0,0,0,0,0,0,0,0,0,0,0,0,0,0,0,0,0,0,0,0,0,1,2,5,0,0,2,0,0,0,0,0,0,0
"92","2019-11-04",378.8,9.8,9.2,608,38.947391,-96.445213,"Mcdi","stream",3,16,2,3,0,0,0,0,0,0,0,0,1,0,0,0,0,0,0,0,0,0,2,1,0,0,0,0,0,0,0,0,0,0,0,0,0,0,0,0,0,0,0,0,0,0,0,0,0,0,0,0,0,0,0,0,0,0,0,0,0,0,0,0,0,0,0,0,0,0,0,0,0,0,0,0,0,1,0,0,0,0,1,0,0,0,0,0,0,0,0,0,0
"93","2019-11-05",247.1,12.5571358748778,9.91955034213099,272.80972629521,35.953826,-84.276366,"Walk","stream",3,0,0,0,0,0,0,0,0,0,0,0,0,0,0,0,0,0,0,0,0,0,0,0,62,22,0,0,0,0,0,0,0,0,0,0,0,0,0,0,0,0,0,0,0,0,0,0,0,0,0,0,0,0,0,0,0,0,0,0,0,0,0,0,0,0,0,0,0,0,0,0,0,0,0,0,0,0,0,0,0,0,0,0,0,0,0,0,0,0,0,0,0
"94","2019-11-06",269.034543319738,12.5324521072797,9.44316648127549,258.088052156717,35.9557401955135,-84.2784990199728,"Walk","stream",0,0,0,0,0,0,0,0,0,0,0,0,0,0,0,0,0,0,0,0,0,0,0,0,87,31,10,0,0,0,0,0,0,0,0,0,0,0,0,0,0,0,0,0,0,0,0,0,0,0,0,0,0,0,0,0,0,0,0,0,0,0,0,0,0,0,0,0,0,0,0,0,0,0,0,0,0,0,0,0,0,0,0,0,0,0,0,0,0,0,0,0,0
"95","2019-11-07",283.22774122807,12.2641995614035,8.87861842105263,266.859155701754,35.9595980778509,-84.2805706189693,"Walk","stream",0,0,0,0,0,0,0,0,0,0,0,0,0,0,0,0,0,0,0,0,0,0,0,0,48,19,0,0,0,0,0,0,0,0,0,0,0,0,0,0,0,0,0,0,0,0,0,0,0,0,0,0,0,0,0,0,0,0,0,0,0,0,0,0,0,0,0,0,0,0,0,0,0,0,0,0,0,0,0,0,0,0,0,0,0,0,0,0,0,0,0,0,0
"96","2019-11-18",73.8,8.1,9.9,14.4,32.963864,-87.408998,"Mayf","stream",0,0,0,0,0,0,0,0,0,0,4,1,0,0,0,0,0,0,0,0,0,0,0,0,0,0,0,0,0,0,0,0,0,0,0,0,0,0,0,0,14,0,0,0,0,0,1,0,0,9,5,11,0,0,0,0,0,0,0,1,0,48,2,0,1,0,3,3,1,0,4,1,0,0,0,0,0,0,0,0,0,0,0,0,0,0,0,0,0,0,0,0,0
"97","2019-11-18",251.23444041078,9.49421637885924,11.0246098246991,807.169515306122,33.3775010254579,-97.7797554890862,"Prin","stream",3,1,10,1,6,0,30,16,1,0,13,14,13,1,0,0,0,0,0,0,0,0,0,0,0,0,0,0,0,0,0,0,0,0,0,0,0,0,0,0,0,0,0,0,0,0,0,0,0,0,0,0,0,0,0,0,0,0,0,0,0,0,0,0,0,0,0,0,0,0,0,0,0,0,0,0,0,0,0,0,0,0,0,0,0,0,0,0,1,0,1,0,0
"98","2019-11-19",77.9,8.7,10.4,15.4,32.963282,-87.409361,"Mayf","stream",0,0,0,0,0,0,0,0,0,0,1,0,0,0,0,0,0,0,0,0,0,0,0,0,0,0,0,0,0,0,0,0,0,0,0,0,0,0,0,0,19,0,0,0,0,0,6,1,0,7,3,18,1,1,1,0,0,2,0,2,0,120,1,3,4,0,3,7,0,0,1,2,0,1,0,0,0,0,0,0,0,0,0,0,0,0,0,0,0,0,0,0,0
"99","2019-11-19",252.818290544332,8.97363310847854,8.70919735630757,782.709262524115,33.3783995986332,-97.7828933487079,"Prin","stream",14,7,3,2,1,4,62,81,0,6,33,64,3,2,0,0,0,0,0,0,0,0,0,0,0,0,0,0,0,0,0,0,0,0,0,0,0,0,0,0,0,0,0,0,0,0,0,0,0,0,0,0,0,0,0,0,0,0,0,0,0,0,0,0,0,0,0,0,0,0,0,0,0,0,0,0,0,0,0,0,0,0,0,0,0,0,0,0,1,0,0,0,0
"100","2019-11-20",78.4302657342657,9.08837762237762,9.88837762237762,13.8208397824398,32.9614476351049,-87.40827339669,"Mayf","stream",0,0,0,0,2,0,0,0,0,0,4,1,0,0,0,0,0,0,0,0,0,0,0,0,0,0,0,0,0,0,0,0,0,0,0,0,0,0,1,0,11,2,0,0,0,0,5,1,3,3,8,8,0,2,1,0,0,4,2,0,0,65,2,3,3,0,9,2,0,0,2,0,1,2,0,0,0,0,0,0,0,0,0,0,0,0,0,0,0,0,0,0,0
"101","2019-11-20",253.7,12.7253333333333,9.27266666666667,735.766666666667,33.376642,-97.785056,"Prin","stream",1,1,0,0,0,0,30,15,0,0,0,1,0,0,0,0,0,0,0,0,0,0,0,0,0,0,0,0,0,0,0,0,0,0,0,0,0,0,0,0,0,0,0,0,0,0,0,0,0,0,0,0,0,0,0,0,0,0,0,0,0,0,0,0,0,0,0,0,0,0,0,0,0,0,0,0,0,0,0,0,0,0,0,0,0,0,0,0,0,0,0,0,0
"102","2019-11-21",75.3240626605033,10.0265793528505,10.039239856189,13.4696199280945,32.9594653692861,-87.4077186712892,"Mayf","stream",0,0,0,0,0,0,0,0,0,0,4,0,0,0,0,0,0,0,0,0,0,0,0,0,0,0,0,0,0,0,0,0,0,0,0,0,0,0,2,0,6,0,0,0,0,0,3,1,2,0,12,7,2,3,0,0,0,4,0,0,0,59,0,11,2,0,4,1,1,0,4,1,0,0,0,0,0,0,0,0,0,0,0,0,0,0,0,0,0,0,0,0,0
"103","2020-03-09",251.9,15.6,11,732,33.376097,-97.779433,"Prin","stream",1,0,0,1,0,0,29,3,0,0,0,0,1,0,0,0,0,0,0,0,0,0,0,0,0,0,0,0,0,0,0,0,0,0,0,0,0,0,0,0,0,0,0,0,0,0,0,0,0,0,0,0,0,0,0,0,0,0,0,0,0,0,0,0,0,0,0,0,0,0,0,0,0,0,0,0,0,0,0,0,0,0,0,0,0,0,0,0,0,0,0,0,0
"104","2020-03-18",248,14.1414166666667,9.64358333333333,195.722416666667,35.954117,-84.2770296,"Walk","stream",0,0,0,0,0,0,0,0,0,0,0,0,0,0,0,0,0,0,0,0,0,0,0,0,80,25,0,1,0,0,0,0,0,0,0,0,0,0,0,0,0,0,0,0,0,0,0,0,0,0,0,0,0,0,0,0,0,0,0,0,0,0,0,0,0,0,0,0,0,0,0,0,0,0,0,0,0,0,0,0,0,0,0,0,0,0,0,0,0,0,0,0,0
"105","2020-03-19",254.770555555556,14.1138888888889,9.58722222222222,152.856111111111,35.9551818222222,-84.2782618611111,"Walk","stream",0,0,0,0,0,0,0,0,0,0,0,0,0,0,0,0,0,0,0,0,0,0,0,0,60,30,1,0,0,0,0,0,0,0,0,0,0,0,0,0,0,0,0,0,0,0,0,0,0,0,0,0,0,0,0,0,0,0,0,0,0,0,0,0,0,0,0,0,0,0,0,0,0,0,0,0,0,0,0,0,0,0,0,0,0,0,0,0,0,0,0,0,0
"106","2020-03-20",275.2,13.7,9.8,128.5,35.956182,-84.278768,"Walk","stream",0,0,0,0,0,0,0,0,0,0,0,0,0,0,0,0,0,0,0,0,0,0,0,0,29,11,3,0,0,0,0,0,0,0,0,0,0,0,0,0,0,0,0,0,0,0,0,0,0,0,0,0,0,0,0,0,0,0,0,0,0,0,0,0,0,0,0,0,0,0,0,0,0,0,0,0,0,0,0,0,0,0,0,0,0,0,0,0,0,0,0,0,0
